pos_genes,neg_genes
C6orf47,NEURL1B
ZFAT,GRP
MAPK13,CHRNA3
FGF13,FRMD3
WNT6,TBC1D26
POMT2,XKR4
FAM160B2,DHDH
POU2F2,PRKG1
DDX1,SLC27A2
NEK1,CXADR
VSIG10,RYR3
BTN3A3,ECHDC3
RPEL1,PBX4
RAB40A,PLPPR4
ABHD17B,TENM3
IDH3B,TKFC
SLC6A13,TTC23L
KCND3,LRRC56
TUBG2,WNT4
MRPL4,C8orf34
TAS2R10,PAFAH1B3
TMEM145,KCNG1
EDEM1,CCDC71L
NLRX1,ST20
BAAT,SERTM1
ZNF653,NUPR2
RALGAPB,NDN
MCOLN1,SREK1IP1
LOC100294145,RGS22
UCK2,ANKRD19P
DEF6,PPM1M
ASGR2,TOX3
EMILIN2,TCTN1
LOC105378663,SST
BCL7B,CXADRP3
FOXP2,IL13RA2
ENPP6,COCH
ABTB2,DLL3
MECOM,ACVR2A
GUSBP4,LRRTM1
NAAA,PTPRR
SPSB1,DIRAS3
CSDC2,SLC16A2
LRRK2,PTPRA
GPR4,NNAT
PCCA,SLC29A4
LOC100506476,PGAP1
IPO7,CPLX3
TRIM32,FKBP14
BOLA3-AS1,ZNF706
LOC105370333,LOC105373383
GIMAP6,RNASEH2A
ARL4D,WDR6
DOT1L,BTG3
RABEP2,RSPH9
TADA2A,SCN9A
RALGAPA1,RYR1
NEAT1,CABCOCO1
GPR85,MCM6
ST3GAL5,PCOLCE2
TARS,LRRC36
TEKT4,AK8
MRPL35,CNGB1
CNDP1,BCL2A1
DPP7,GPRIN1
UTP15,NRP2
HERC3,FBL
TMCC1,SSBP2
CDT1,TINCR
IL6R,SORBS2
H1F0,ADM5
GNB5,LRRIQ1
SHMT1,LINC00937
FAP,KLHDC8B
AEBP2,DNAL4
GK3P,PGM2L1
PNPO,TMED10
TAF5,B3GALNT1
MXI1,SMARCA1
FGF12,FARP1
OXR1,SOX4
MRPL58,ZCCHC12
ZNF415,ANKRD6
C7orf57,FAM71F1
NIFK-AS1,PCSK5
PRH2,NPNT
POU6F2,DNAJB5
GMPR,CPNE6
MIR124-2HG,SCUBE2
ATXN7L3,CHODL
ART3,ZMAT1
OR2AK2,GOLT1A
LCP2,PYDC1
TPP2,SCARA5
DNAAF2,LUZP2
LOC100287497,C1QTNF2
SEPHS2,IGSF22
NHLRC2,44988
IL6ST,CNMD
SLC46A3,SLC4A3
MAP10,CDK17
PEG3-AS1,RRAS2
ZNF785,ZCCHC18
CMC2,ADIRF
MAPK6,CFD
JAM2,GPR88
MORF4L1,SCN3A
GEMIN7,RILPL2
MYO5B,CMTM8
FITM2,GABRA5
BCL11A,DHX58
SLC45A1,HNRNPC
TAP2,ARHGAP36
NDUFA12,TP53I11
KIZ,STX17-AS1
ASAH2,ELL3
RCC1L,CANX
DTX3,DISP2
SRRM3,MYO16
FBXO42,SOX11
NOSTRIN,LOC93622
ARIH2,DNAAF4
RGPD3,PTGER3
MAP2K3,CD24
ZBED5,CPAMD8
ATPAF2,CCDC85C
NCK2,PON3
VEGFA,FAM117A
ZNF333,ESD
PPP3CC,DNAJC12
UBAC1,DHRS12
ECSIT,NCAN
AATF,SCGN
SECISBP2,SLA
TTLL12,PLPPR2
COL5A1,WDR66
KIF25,EXOSC8
SNX12,NTSR1
DPY19L2P1,PACRG
MAP2K7,TSTD1
CSAG1,SLC2A12
TAS2R14,TRAIP
HSPBAP1,SMAD1
ERP44,LOXL3
LOC100128239,PTHLH
CTSA,SEMA4A
DLGAP1,GASAL1
NDEL1,TTC9B
CEMIP,ZNF521
TMEM132E,PDE2A
KIF1C,FDXR
ADGRA2,GRID2
GRIP2,SHANK1
ZNF317,CENPW
SLC35G5,BRINP3
TMF1,MMD
ARHGAP27,YWHAZ
FUNDC1,SLC30A10
PPP1R3D,GTF2H5
KEAP1,COL21A1
CHEK2P2,SMARCD3
ITPKC,SMIM30
ABCB9,TENM1
DENND6A,PNMT
DDX11,TERF1
PPM1B,GLDC
KIF21A,SIN3B
HACL1,METTL5
CHN1,PTGER4
RAB7B,FABP7
FAM35BP,RBFA
45173,LRCH2
ZNF436-AS1,GABRA2
LEF1,LOC400710
TP53INP2,PCK2
PCDHB11,PELI1
JARID2,CHMP1A
ZNF491,CNR1
MYLK2,ARHGAP6
FLT1,LTBP4
LRRC8C,ARHGAP33
LPAR2,RIMBP2
PALB2,DPYSL3
SNRNP25,INTS4
SLC36A1,TRIB3
MFN2,E2F5
CDH12,SLC16A8
KCNN4,LINC00260
SAR1B,VPS37B
HARBI1,RAP2B
RBAK,PPM1N
LANCL1,PSME2
RNFT2,ID4
CEP192,ALKAL2
SLC38A9,DHRS2
LRRTM3,PRRC2B
SESTD1,PLCH2
ACSL3,ALCAM
SLAMF8,EIF4EBP1
RNF214,RAVER2
MLXIP,KLF8
EHMT1,EIF1AY
MIB2,LSP1
MSRB3,WDR44
KHDC1L,CXorf57
CPT1A,CCDC90B
TAF2,NUDT16L1
DDX3Y,ISOC1
BLVRA,GNG10
STC2,FAM181A
ANKRD24,DACT1
VWA5B2,ARVCF
BICD2,DOK4
SLC25A36,TECPR2
CLIP4,SLC24A3
PDE7B,PANX2
HTATIP2,INTU
LOC641746,RPL12
CLMP,PLCD3
ZNF3,ZC3HAV1
SLC22A18AS,ARL10
OR7E91P,HES5
LINC00839,CADM1
PFAS,EGFEM1P
TGM1,HEBP1
FAM122A,PRSS35
IGFBP2,NKAIN4
ARHGEF10L,RIPOR2
PLEKHF1,NR4A3
ARID5B,SLC27A5
ZNF366,OTUB2
CRABP1,NAV1
HIVEP2,LOC102724156
ACER3,MGMT
BTBD8,GSTM3
PRRT4,FAM171B
TRAM2-AS1,GTF2F2
MGLL,DNAH5
SNHG14,LOXL1
APH1A,LOC100506100
SLC9A3R2,ARHGAP4
ZNF565,GRIN3A
BCAS4,PRMT6
LOC105374727,WDR1
DBNDD1,A1BG
DYNLT3,PLXDC2
PIAS2,CARMIL3
YTHDC1,FAM19A1
PFDN1,BORCS7
RGL2,CPT1C
GRID1,FAM196A
H2AFX,DNAH14
ZNF777,ERICH6-AS1
CARD9,RCN2
RASGRF1,ZNF831
FANCM,LINC02076
FAM209B,POC1A
SNN,SUMO2
ARL4C,GLT8D2
FAM198B,TRIM22
MAP2K5,LOC440434
ARIH1,GLRA2
KBTBD11,TEKT2
CCDC177,VWA5A
ATP5F1A,PEA15
ATP5MPL,SIDT2
ZNF302,SPATA4
TNNT2,CKS1B
C16orf72,HGH1
ZNF362,IL17RD
LIN9,HES1
ZNF182,LMAN2L
FAM84A,PNOC
PRKCA,ZFR
LDLR,FAM46A
MTX3,ERBB2
SAMD13,JPH4
SYNJ1,YPEL1
CD320,TSEN34
PEX6,SNHG8
CYP2E1,SHISA9
IER2,MARCO
KCNIP4,GRIK2
KRTAP5-6,DERL2
ARFGEF2,SNHG19
AIFM1,ABR
ELOVL7,PSMB1
MCM3AP-AS1,FAU
MSANTD2,NUPR1
GPX3,TNKS2
NUDT12,DNALI1
LSM11,APTR
KAT8,FZD8
ABCB7,RPL39L
TAF3,CPNE7
LNP1,CC2D2A
FZD4,LOC101927027
C18orf25,LRRC61
PDIA5,CTBP2
MKNK2,COMTD1
MLLT10,COL4A1
MGAT1,SYT10
RTEL1,VANGL2
ZNF37BP,RFC3
CACNB1,GHR
ADAM8,MARCKS
GON4L,ZRANB3
C8orf31,RRP7A
ZNF555,SOBP
CADM4,LOC728715
ZNF35,CNTN3
JAK1,SEZ6
PRR3,LSM7
LOC727896,SPATA33
SATB2,RNASEH2C
FAN1,DRAXIN
IMPA1,HMGN2
CACNA2D3,TUSC3
RGMA,BLVRB
LGI2,CAP1
APOL4,CAPN10
WIPF3,GLI1
LINC-PINT,LINC00900
PRMT7,SLC7A4
RUFY2,GPM6B
FGR,ASCL2
GALR1,NCAM2
PHLDA3,PKIA
ZNF791,RNF7
CCDC138,SNRPC
TIMM8A,CALHM6
ERICH5,LINC00643
ERMP1,SCAPER
FBXO16,CRMP1
GLIS1,ADGRB3
BBS1,PCDH20
GTF2A2,RPL24
MKRN2,TMEM17
ENO2,R3HDM4
THBS3,SHF
PPM1A,GLOD4
ARMCX3,ABCA1
USP36,GNG4
SLC2A6,NOL4L
HSPA12A,VEZT
45181,CASK
SLC19A3,PIM2
UBE2O,JPH3
AKAP13,TTYH3
ANO4,CDH3
FAM57B,WWC1
SLC3A1,KLHL13
SLC4A9,CAMK2D
BICRAL,HYI
DRP2,RPL23
DNAJC28,MGAT4B
PRKCQ-AS1,RPL36
FAM98C,RIPK2
PCBP2,FAM110C
ZGRF1,NOL4
DDX55,MT1F
HIST1H4A,RAB36
MAGED2,PSORS1C1
ZNF774,MAGEH1
CCDC126,APLNR
UBL3,CENPVL3
PRPF4B,SGSH
EMC10,NELL2
ZNF654,SARNP
ITPK1,IFI27L1
IMPA1P1,KIF22
KLHL21,LRRC7
R3HDM2,OXTR
AFAP1L1,ADGRL3
JAKMIP2,NUP85
ALS2CL,CTSO
DPY19L2P2,TIMP2
NCOR2,SCN3B
CHRD,ANK3
DHRS7,DTWD1
SIPA1L2,KCTD12
DPP6,SLC2A4RG
CDON,DNAH2
AP4E1,UCHL3
SYNCRIP,FILIP1
PAQR4,SCN7A
DCTN2,TCEA3
LINC01158,RPS4X
CREBZF,CHD3
HSPB2,TBC1D14
OR2L3,FAM76A
DLD,SNX7
DCUN1D4,SUFU
SLC9A5,ARFGAP3
ZNHIT6,HIST1H2BH
PHLDB2,KIF21B
GUCD1,DPH5
NCAPD2,SAMD9
ASPRV1,MZT2A
NEDD9,PDCD5
SEMA6D,FUCA1
ATP6V1G1,SPPL3
OLR1,SEMA3D
CASP8AP2,BAIAP3
SMC1A,NOVA2
GSDMB,RTBDN
AFG3L2,PPP2R3B
CCDC184,NEBL-AS1
SLITRK3,TMEM263
QRFPR,GPR27
SNCB,CCDC112
HDHD2,OTUD1
ANKS3,MYL12B
SAP30,TPT1
CCDC57,PDYN
SLC29A1,SLC35F2
LPL,DDAH2
LIN52,MEIS3
MRPL34,TYW5
LINC01963,BIRC3
ATG5,FAM149A
NAP1L5,MYL5
WASHC4,WNT10B
GIPC1,SLIT1
PPFIA4,SEZ6L
TPRKB,CLTCL1
ACE,COPZ1
SGK494,EFNB3
MCM7,C8orf58
JOSD1,NSFL1C
NUP54,CPNE2
IL10RA,ZSCAN18
EPHB2,ST8SIA4
PRR22,PALMD
PACS2,RPS24
COL4A4,LY6H
CIAPIN1,RPL32
KPNA5,CNRIP1
SORBS3,IQCD
KDM7A,NKAIN2
SMC2,DEAF1
NET1,TSPAN4
BLMH,CCEPR
SEC23A,RIIAD1
PKD1P6-NPIPP1,RALGPS2
SPACA6,PHPT1
MTHFD2,C5orf49
CENPJ,NAV3
TOMM34,GABRB1
PLAGL2,DAPL1
JMJD1C,SLC8A2
KREMEN1,TNIK
SMIM12,IFI27L2
FLRT2,PLPPR5
OTUD6B-AS1,RPL35A
TULP4,MAN1A1
AMMECR1,TP53BP1
SLC26A10,CCNA1
KDM4C,PINLYP
IQCE,LOC642852
ZNF273,RAB40B
SDHB,C2orf73
CPPED1,ERCC2
ZBBX,CXXC4
IL17RA,SEC61B
MYO5A,RASL10A
DDX46,FAM184A
KBTBD2,ANKRD50
LINC00672,HADH
RNLS,CCDC148
LYPLA1,TMEM234
AOC2,CHID1
AATK,RIN1
BRWD3,CMSS1
MCTS1,ZMYND10
YPEL3,TMEM159
ERG,NELFE
ATP6V1B2,LRRC3B
CIDECP,44987
CDH22,CXADRP2
ANAPC10,RAP1GAP
LYSMD2,PMF1
FAM20A,HTR1A
IDH3A,SGSM2
C16orf45,TCAP
KLHL28,SRGAP1
JAKMIP3,NECAB2
HYAL3,FABP5
KREMEN2,FZD7
WDR70,LOC285097
C4orf3,CD81
RACGAP1,TRIM27
GPR20,ANO2
NT5DC1,HEYL
USP6NL,DERL1
NR1D2,STK25
DIS3,UNC5B-AS1
GGA2,CRHBP
SLC16A14,DPY19L3
WARS,HPCAL4
GTF3C3,FZD1
DOPEY2,TMEM158
ZKSCAN4,GNB4
PKNOX2,NUMBL
UBLCP1,MZT2B
FSBP,ACOT2
PHF23,SMAD2
SNX24,SIVA1
SLC33A1,ACKR3
TMEM60,C1orf194
SLC15A4,SPINT2
FAM13A,ARPC5
CLVS2,PSMB2
DCLRE1A,SYNPR
TNFRSF25,GPC4
STARD13,HIST1H2BK
C2CD3,EEF1AKMT1
FAM86HP,MAOB
PKM,DUSP18
CITED2,IL1B
RALY,WDR25
GIGYF2,RSPO3
FOXN3,PHF13
USPL1,LIN7B
C3orf35,LINC01094
DSTYK,SSTR1
DPY19L2P4,TMEM200A
RASD2,THTPA
PTPN5,APLN
ASPHD1,PMVK
CDYL,MYH7
VMP1,POLR2G
MORC2-AS1,SMIM29
CNOT6L,RAB3B
CDKN2A,PIAS3
CYCS,LSM3
GTF3A,CD163
REP15,LOC728392
NOP2,VPS37D
ZC3H18,CFAP61
SPATA6,HECTD2
PDCL3,UQCC2
RGPD4,FARSB
TIAM2,B9D1
TAS2R5,HIST1H2BC
FZD6,TRIM24
DHRS11,PEG10
MLYCD,ELFN2
RAI1,GSPT2
CHCHD4,GPR183
PDZD8,EFHC2
SPAG9,ATOX1
B4GALT4,ACP1
FAM210B,PQLC3
ILK,SMARCD1
NCDN,FUK
CUX1,DOCK7
FAM189B,ADCYAP1R1
ZNF165,RGS9
NIF3L1,LOC729970
RAB11B,STUM
FEZ1,IQCK
CD274,PLD6
PPM1L,SEC11C
RNF144B,FAM241B
TRPT1,FAM105A
CWC25,HERC4
ZNF718,CACNG4
SLU7,SLC39A6
LOC100506388,TEX9
DCP1A,PYGL
TSPYL5,PSENEN
FSTL1,GPR6
PKD2,EGLN1
ZNF398,GRIA1
G0S2,PLPPR3
HERPUD1,EFCAB1
KRIT1,MRPL23
ENDOD1,GRIK1
HSBP1L1,TIMP1
ING1,IL12RB2
CAPN15,PUS7L
CSTF2,ZNF589
ATG4B,SLC26A11
CLASRP,UBL5
AKAP6,NPY1R
DIDO1,TEK
C9orf3,TRPC4
METTL15,UPP2
INTS8,ACOX3
RANBP17,PLTP
MIS18BP1,AK4
PLPP7,SUSD1
MFAP3,MMP16
ROPN1L,PLXND1
URB2,RPL6
TMEM204,GDA
INSM2,DENND1C
DNAJC5G,PRKCD
ADAMTS13,SRRD
ZNF598,TTYH1
DGCR2,TRMT112
PLAT,HPCA
ANKRD33B,ASPHD2
CDK6,KRT14
ADCY1,GNPTAB
PGD,BCR
ZBTB26,STXBP4
ANKRD20A9P,FBLN2
DUSP4,CFAP97
HACE1,STXBP3
MFHAS1,ILF3-AS1
PIGL,CHST1
HIST4H4,LMO3
FBXO31,ATP2B4
TOP1P2,BAIAP2
TOB1-AS1,CES4A
GABRA4,C6orf118
ZNF503,FAM172A
RAB40C,MANEAL
WDFY3,WISP2
LSMEM1,TMEM215
MRRF,LOC441052
RASSF4,ARPC2
GPBP1L1,PNCK
RAB11FIP3,NUCB2
ADSSL1,SPATC1L
ADRB1,TEAD1
REPS1,HHIPL1
KLHL24,NANOS1
AFTPH,GPM6A
ZZEF1,RELN
WDR55,NBDY
GMPS,SNCA
APIP,TSPAN18
HDDC3,SIGLEC11
TAF1D,TAC3
CMYA5,FSTL5
TRNP1,ZNF438
MAPK4,SP5
PECR,DKFZp779M0652
ZFP69B,FKBP1A
UBE4B,HIST2H2AC
HYLS1,HPCAL1
RARB,FABP5P3
TEX264,C12orf75
CRTAC1,LINC02482
NRIP2,PTBP2
PLEKHA1,CALB2
FBXL17,ERLIN1
NLN,LYRM9
ZNF358,IQCA1
ZNF670,SPTSSA
NEB,ABHD17C
PRC1,RSPO4
FKBP11,ATOH7
SLC29A2,GPRIN2
PRR16,MOB3A
PLA2G5,RAE1
FHL2,C2CD4C
BRINP1,HCST
MROH6,HSPA6
ATG16L2,KBTBD6
LINC01106,PALM
ABCA7,SF3B3
LOC101927278,HIST1H2BO
SEPT7P2,RHBDD2
LOC729218,GOLM1
AAAS,LRP1B
ADM,SSSCA1
SAC3D1,SREBF1
FGFR1OP2,ANKLE2
CDCA8,FBXW9
UVRAG,CGREF1
SNPH,ARHGAP28
SACS,FANCL
GABRB2,PPP4R4
CROCCP2,KXD1
KCTD8,POLR2L
SZT2,MESP1
GATAD2A,VASH1
OR7E47P,FIP1L1
SLC12A7,AHNAK
ZNF444,DCN
DHX8,FAM189A2
TUBGCP4,HIST1H2BI
ZBTB43,ERC2
PIN4P1,HMGN2P46
RFPL1S,GABARAP
ATP1A3,HCG23
UBE3B,PXMP4
PTPRH,CYS1
MRPL16,ANOS1
EPDR1,TUBB
MIR9-3HG,EMID1
NGLY1,FNBP1L
CEP63,FERMT2
TBC1D8,PLSCR4
LINC02210,RGMB
SLC6A6,EFNA2
PRKAB1,DPYD
C6orf120,ERFE
TANC1,IGF1
PPP1R16B,DYNLL1
ZMYM6,LMO1
NAPG,PSME1
TANGO2,TRAPPC2L
GPR149,APAF1
SPIB,HERC5
LAMB3,PDZRN4
NTPCR,PLXNC1
IVNS1ABP,BCRP2
TTC39C,GEMIN8P4
TNKS,SOWAHA
USF2,CLBA1
SOCS5,VAV1
NOXO1,FIBCD1
PYROXD1,TCTEX1D2
ZNF252P,TAGLN2
ARSG,RPS18
HMOX2,RAD17
FAM120C,DNAJC3-AS1
GTF2A1,TNNI3
PCGF5,MED24
ZNF786,FAM218A
MAGI1,BCLAF3
C15orf59,PTCHD1
PPP1R15B,SUMF1
BEND5,PDGFRA
NSMCE2,MT1B
KLHL11,MRPS6
RABEPK,SNRPD3
CCDC146,NME3
LINC00963,FOLR2
CHN2,KCTD4
VSTM2A,ZFP36L2
ANKRD65,NR2C2AP
GLMN,MAPK7
RPUSD2,UBE2A
CHCHD3,BSPRY
LOC728743,LAMA1
BRCA1,LOC390705
TAF12,DLEC1
HNRNPA1L2,RASA4CP
ATP5MC3,ZZZ3
MFF,MCUB
METTL24,TXLNB
RPP25,PGRMC1
C9orf72,SYT17
ATF4,SSR4P1
SLC6A7,GPD2
PPIE,LYRM2
OVGP1,CAPG
ZNF787,SLC44A2
ABCC8,ZNF286A
INSIG2,KIAA1024
ABCD2,IGFBP5
ATP10A,RASAL1
LIF,B3GAT2
ESCO1,MACROD2
TRERF1,NAGK
SRARP,C22orf23
NCKIPSD,RPS27
WDPCP,ZFHX3
RAB24,PLB1
TNFAIP1,CBFB
ZBTB21,DIRC2
TTI2,CDH2
FNDC10,MXRA8
TGFBR1,RILPL1
ARAP2,ACADL
UCP3,PARD3B
LRRFIP1,LDOC1
SEPHS1,MLNR
PCNT,ARHGEF26-AS1
RYR2,LOH12CR2
GNB3,PPP1R1A
GLRB,RIOX2
USP28,HSP90B1
GTF2H2B,LOC100506271
PVR,CALB1
UQCRC1,FAR2P2
WDFY3-AS2,KIAA1328
SSH3,ICE1
GIT2,NDUFB1
MECP2,LINC00484
LINC00667,TMEM47
OXA1L,ADGRG6
RMND5A,AEBP1
MOB2,TMEM170A
UPF2,GEMIN8
CUL5,CNTN1
ABCF2,TAF10
TTTY15,OST4
TRANK1,RRAGB
LOC101928673,RAB23
MKKS,WLS
ZBTB7B,UFL1
LINC01061,DOK1
YBEY,NSG2
EXOC3,SLC27A3
RABGEF1,CPE
SLC39A8,ASB5
TRIM47,ANO10
IMPDH1,ZFP36L1
ETV6,RRP7BP
CPNE9,JUN
ZNRD1,MT1G
LCA5,PCED1B
RCC2,TMOD3
KLHL8,ZDHHC12
BCO2,SHISAL1
RANBP6,NAV2
NME5,NEDD4L
MGST2,SSBP4
STARD9,SDK2
ENPP5,CEP83
SKA2,TTC7B
NR2C1,NAMPT
EMCN,PTCH1
LINC00999,HACD4
PLXNA4,IFT22
CDC42BPA,RPA2
FBN1,POLR3GL
TRAF3IP1,TMEM43
MRPL48,WDR86
MPP7,LYPD1
RELB,TBC1D24
GALT,DDN
DGCR9,SF3B6
RNF6,B3GALT6
PFN1,PDLIM5
SLC2A11,LOC202181
HOXD9,LRRC27
WDR33,RBP4
HS3ST5,MOB1B
PLEKHO1,ZCCHC17
OSBPL3,COL4A2
PCDHB8,NYNRIN
USP33,PIGQ
ASGR1,SHANK2
CREBRF,DCAF15
SLC25A17,AKR7A2P1
ZSWIM4,LOC554206
LOC101928433,CCDC191
TMEM268,CHST9
NAGPA,RPAIN
GOLPH3,ZBED6CL
SLC31A1,SPA17
NAXD,THAP8
CIDEC,ACSM5
DPH3P1,CTGF
CTSK,C12orf73
ING3,GNG2
TMEM243,PAK3
VASH2,TNR
MMACHC,ADAP2
CAVIN4,KCNN3
SLC45A4,SLC39A12
RPL15,TUBB8P12
PDIK1L,LOC100507516
PAQR3,MMAA
ZNF124,HIST1H2BL
UCHL5,LRRC42
C4orf33,KLRG1
GHRLOS,IL33
PDCL,TMEM209
EPB41L1,TSPOAP1
ZNF212,RNF150
PPIP5K2,S100A10
ZNF213,GNB2
ZSCAN9,RPS20
MALAT1,TMEFF2
TMEM127,TUBB6
WIPI1,CREG1
RHOBTB1,DRAIC
ANKRD20A12P,GRAMD4
TMEM35A,ANXA11
ANKRD37,WFS1
MAP4K2,TMEM18
XPO4,ARL16
MX1,PIWIL4
ZNF385D,MT1E
PPARD,SLIT3
CNNM2,OPHN1
PCP4,C16orf74
ZBTB45,HSPB11
GFM1,UTP11
SRFBP1,NPDC1
NQO2,TBCA
TM7SF3,ADGRG1
UBAP1L,TXN
PDXK,PTPRF
SMARCC2,PNMA8A
TUBGCP5,ARMC10
MRPS11,RASGEF1C
TIMM23B,RAB11FIP4
COX17,TCTE1
IRAK1,RUNX1T1
SRSF1,MEIS2
MIR22HG,OGG1
ABCA6,MAP3K5
LINC00265,PLAC9
AVPI1,NPM3
LDLRAD4,MT1L
AUH,FNDC3A
ATP8B2,TMEM238
SYT15,CYP2R1
SCARNA17,CD200
SMG9,RARRES3
CMPK1,LOC100507351
CNNM1,DYRK3
IGLL3P,PKNOX1
MFSD9,GET4
ZNF655,MSANTD1
SFTPA1,NUDT11
ZNF664,FLRT1
CACNA1A,GRIK3
SLC49A3,CDC42
RP9,RPL39
ADAM20,KRT17
PIK3CB,LIX1L
ACSS2,RPL8
TSPAN9,ROBO1
IER5,EDN1
AVEN,FAM129B
ZNF394,COPRS
HS3ST1,AP3S1
NXPE3,NMT1
IL15RA,SLC8A3
WDR45,TMEM233
JADE1,CHMP2A
FAM171A1,PAXBP1-AS1
PEG3,GPSM1
SCLT1,AMZ2P1
CCSER1,CCL28
ABRACL,LOC728989
SPTBN4,SLC1A4
THEMIS2,ACTR3B
MRGPRF,SRD5A3
LYSMD4,ENY2
ZNF641,HDC
CBLN4,GABRB3
COL5A2,FAM122C
EIF4G2,MFSD14A
FAM209A,DR1
ATP4A,MAF
YOD1,NDUFA6-AS1
RGS6,MAPK1
ATXN1,KRT86
ICA1,TIMM8B
CCDC186,C2orf80
CNTNAP1,THRA
RPGR,AHRR
PCDH7,DPYSL4
GAS6,ZNF331
EMX1,TOMM6
SLTM,CCR5
CACNG6,SLC16A9
CEP85L,NFKBIE
ZNF629,DBX2
RMDN2,IL34
CKMT1A,MYCN
MTMR4,TSPAN2
SYNE1,ACCS
TSEN2,BRWD1
XPR1,APOM
ALDOC,SAMD9L
CALCOCO1,DNAH12
NDUFS1,CAPZB
CCDC51,RNF181
SETD7,GLG1
TMEM170B,SAMD15
INF2,C1orf50
LARP4,ADRB2
PLCL1,SEC14L2
NTN4,LOC101927420
KLHL20,EEF1G
PANK1,APOE
TPMT,CDC16
RGS5,GLUD1
PKDCC,PSIP1
CHD1L,EXOC3-AS1
PBX3,PTN
LOC401357,MED16
RBFOX1,PLCB2
RP9P,CEP112
MOGAT1,COG1
PRDM1,NUS1
SOGA3,SIX3
MTRF1,MAPK8IP1
TUBD1,LINC00909
MAP2K2,SLN
RWDD1,PDE4DIP
ZNF250,UG0898H09
ZADH2,POLE4
MGAT5,NIT2
ARHGAP39,NABP1
LRRC37A3,C12orf45
PREPL,ELOB
CHI3L1,SPARC
RHOQ,TMEM94
ZNF318,PCBD1
STK38L,HIST1H2AD
ZNF25,TG
ZBTB4,SHC1
C19orf25,LOC105376064
CHST12,UQCR11
STARD10,ALG1L
IGFALS,TM2D3
GCSHP3,ABHD1
STX19,LOC100129291
CLK3,MDGA1
NAPEPLD,TMEM107
LRRC49,DPM2
PCDHB9,ZMYM3
POU3F2,RAET1E-AS1
MED21,HLA-H
EIF1AX,DENND6B
ZNF519,MRPS33
DAZAP1,ZNF572
EIF4G3,RPN2
KCNIP3,SLC3A2
TMEM155,P3H2
PCGF3,TIMP3
ARNTL,HMGCR
UBXN10,SFMBT2
ATP5F1B,MFSD10
TARDBP,FAM241A
FBXO9,ICAM5
GALE,B3GAT1
ANKRD34C,RPL19
SDHD,NCAM1
ATP13A3,SSR4
TMEM184C,SOWAHC
SESN1,PGLS
PPP1R3B,TMEM208
ITM2A,MBOAT7
MDH1,PDLIM3
CLIP2,C2CD2L
CHD6,NXN
LOC100133091,PDIA3
SMARCD2,SAP30BP
TADA2B,ZNF575
CAPS2,SEMA4F
KDM2B,TSPAN6
MITF,RAB27B
FH,ST5
ATP2A2,PYCR3
PARD6A,STK32C
PPP3CA,SLBP
NFATC3,TNFAIP2
DNAJC25,PDGFB
IFFO1,NSMCE1
LCE3C,TIMM13
CCL27,CIB1
SPARCL1,C11orf1
MRPS36,STX12
ESAM,ACVR2B
CDCA5,ZNRF3
MYO15A,SPRYD4
PEX5L,C1orf226
THOC5,C1R
ZRANB1,CFAP70
DIS3L2,GSS
ITSN2,HBG1
PARD6B,USP12
FKBP5,PIFO
TOMM40,HSBP1
MAP1LC3B2,ASH1L-AS1
ZFYVE28,HTR7
NDUFB5,NDUFAF8
ARID2,ZFAND3
SLC25A15,EXOC6
LRRK1,P4HA2
DEPP1,TMEM42
SRGAP2,CACNA2D1
APPL1,ASMTL
KCNJ8,PYCARD
CIT,STYK1
NEU4,BPHL
IL17RE,PID1
PPARGC1B,MORN4
EIF2A,C11orf71
ABHD17A,LINC00886
KNDC1,PRICKLE2
SLC17A6,TCF7L1
EIF2B2,RMI2
SLC25A25,CETN2
ERCC4,MT1X
NFAT5,GABBR1
GNA14,CCDC167
ST3GAL6,S100Z
VSNL1,CEBPA
ANKS1A,EFNB1
YARS,MT2A
BAK1,CCIN
CAPN1,PLAC9P1
MIAT,PCDH18
GSTK1,PRSS23
LOC407835,NPB
PRPS2,UQCC3
GOT1,KRBOX4
TBRG1,GGCT
SYNE4,TAF9B
ST6GALNAC1,JPT1
INPP5J,WSCD1
GPATCH8,RYBP
NIPAL3,DOK6
ABCA9,KCNA4
STARD4,LRRTM2
KNG1,C1QL1
TTC21B,APCDD1
CORO7,NXPH1
RPH3A,AP2B1
KCNJ11,NUDT17
FAM43A,DDX54
ZNF385A,ZNF83
FAM49B,PDE3A
OTUD7A,FOLR1
CELSR2,CSTB
CRYBA2,ADGRV1
TRIM41,ARFGEF3
GJC1,TMEM130
CTSZ,SRP14
SLC6A12,RHOC
ACR,WDR54
PLA2R1,ELP4
ZNF385B,PUSL1
KIF5A,PRPH2
PNLDC1,ITGB7
FUT11,CYB5R1
SCAI,SPICE1
KRT222,CBLN1
GUCY1A2,RPLP1
PSMG3,NSUN6
ADPRHL1,ARHGAP18
ZNF630,44986
GOPC,SEMA3C
HELB,LCN12
KRTAP5-2,RFC5
ITIH5,TBCB
PPP1CB,NKAIN3
LEPROTL1,FAM151B
HMBS,MPV17L2
TMX2,KCNA5
NRN1,NLE1
CACNB4,KIAA0319
RCAN2,MANF
IFNLR1,CNN3
SNHG1,VSIG4
OPN3,PON2
FADS6,IPO5P1
TBC1D30,FCGR2A
IGLL1,UBE2J1
XIRP1,DUS4L
STRADA,WRB
GOLGA7B,BCL7C
CPLX2,ZNF185
COQ3,LINC01485
LZTS3,GALNT10
SNRNP35,ISG15
CCNE1,CRNKL1
ZNF584,KIF2A
SEMA4C,TMEM128
CEP152,AGA
NKX6-3,C6orf52
FIGN,ADAMTS9
ZNF714,RSPH1
MAP1A,HRK
CTSC,CLCC1
FRMD4A,LAMTOR4
DNAJC11,CYHR1
RINL,CASP1
SORT1,ANKDD1A
CDKL1,TRIM8
CCDC58,BLCAP
DLST,C21orf2
DIO3OS,CDH4
CYC1,CORO1A
PLEKHA8,DTNBP1
SLC7A5P2,ARHGEF40
BTBD11,APOPT1
EEPD1,PITPNM2
ELAVL4,GLRA3
MOCS1,RAB10
RNF113A,MORC4
FOSL2,RXYLT1
PLEKHM1,RABAC1
TPGS2,KIAA1147
TAPBP,LRMDA
IFITM10,YWHAQ
LRRC14,DAAM1
ZBED1,ACTR10
GLRX3,LARGE1
IDE,ME1
CCNO,RPL10A
HECW1,RPL29
LINC00599,MS4A4A
METAP2,MPEG1
NKX3-1,DIAPH2
SLC43A2,LIMD2
AAK1,RRAGD
RORB,CYB5D2
POLR3D,COLCA1
CLPX,PDGFRL
ZBTB33,FAM229B
ST3GAL3,NUDT2
TNNC2,DUSP23
CNST,NWD2
ST3GAL2,EDNRB
AMPD3,MAGED1
NFIX,MRAS
IFFO2,GLUD2
ASH1L,KANK1
EPC2,CXCR4
ADORA1,ZNF449
AK1,FCHSD2
ATG13,LOC100288911
TMEM178B,CDH9
NAPA,MYL6B
CYB5R4,CYP26A1
MCF2L-AS1,CARD17
HIGD1B,PCDH15
ESM1,CPNE3
CUL3,TMEM256
NUB1,AZIN1-AS1
MROH8,MBOAT2
CDK11A,ATP2C2
EPS15,GAMT
C21orf33,UBE2Q1
ABHD6,KLHL1
SH3BGRL,RXRA
NSG1,CDH10
LDB2,DCHS1
BDH1,45180
TDRD3,B3GNT4
CLCN4,ERMARD
UBAP1,SLC2A13
OXSR1,TRAPPC6A
VPS36,PHLDB3
TTLL11,MR1
WASHC1,MATN2
SLC35C1,ANXA2
PCNX2,C1orf220
TSPYL1,CDH11
SMIM13,CNPY2
EMILIN3,HIST1H2AM
KCTD1,NENF
GNRH1,C11orf80
APPBP2,SRM
C12orf10,ADAM28
PLEKHM3,PDGFC
MAP1B,SLC52A2
SRA1,PLPP5
P2RX6P,TMPRSS5
TRMT10A,MASP1
STIM2,PRAF2
KRBA1,ITPRIPL2
C12orf54,SMAD3
TRPC3,TSPAN33
DNAJC27,SCG2
XYLT2,CTBS
MRPL47,GPR68
NUAK1,PDIA3P1
PRO1804,USP51
MAFB,DDX25
ZNF500,BRMS1L
LMBR1,AVIL
EMB,SMO
RORA,RPL37
PPP2R2C,NWD1
PITPNA,BDNF
VAV3,LSM4
LRPPRC,MOV10
STAT4,CMIP
STK26,HIST1H2BF
LRP12,PPP1R42
MTAP,USP9X
ZBTB8OS,CRELD2
COPA,PLPP4
CWC22,KDM1B
ASPDH,NFIA
MCF2L2,LOC644936
DEPDC5,PTBP3
MYBBP1A,RAB34
LINC01128,SCPEP1
DSCC1,POLR2J
NLK,PKIG
GART,DARS
ZNF546,ZNF285
FAM76B,HTR2C
NIPA1,CCDC153
BCL3,TUBB2A
DDX3X,BCHE
MC1R,PSAT1
GCC2,TMEM176A
SPOPL,ICAM3
TMEM201,ASXL3
LYRM4,FXYD6
ISCA1,REXO5
CA7,JUP
SLC20A1,RAB3GAP1
RFPL1,DIAPH3
FNDC5,F12
LOC100506124,CFLAR
PHLDA2,GNAZ
TOMM40L,C5
MSANTD3,C1QC
RBMS1,UMPS
PTPN12,LIG1
AKAP7,EIF3D
SPART,USP11
JRK,ZBED8
TMEM255B,MRC1
MAP3K13,KLK5
LINC01137,CMTM3
NUDT15,SRSF12
C6orf136,NUP88
GGH,HBZ
KATNAL2,RPS19
HS6ST2,ACTG1
CACNG2,ZNF727
SRPK1,RNGTT
PFKFB2,NPTXR
ZNF232,AFF2
SOD2,BEX2
VCPIP1,NISCH
HMCES,NTRK3
RRNAD1,ATF7IP2
NECAB3,FAH
SUGP2,LOC257396
LY6D,SELENON
GRPEL2,PTRH1
ZMAT4,ALKBH7
CHEK2,DDX49
OR2L13,AP5S1
HTR5A,DYNLT1
GRAMD1B,IL3RA
IRS1,PGAP3
ZNF562,LYPLAL1
PWARSN,TXNL4A
FAR2,PPP1R32
INPP5F,MPP2
FKBP2,RPS11
PPIL3,STMN1
AKAP12,MBLAC2
PAG1,EPHA5
DGKI,SRR
PIP5KL1,DCAF5
PTPN14,PABPC1L
MBD2,FRRS1L
LINC02012,LUC7L3
DCBLD2,TIMM10
CACNG7,CSF1R
PLEKHH3,RPL38
SYT3,LINC01410
FLYWCH1,NAA38
IGSF1,TRIM71
SMOC2,GDPD2
AARD,GJA1
TRMT9B,CCDC28A
PI4K2A,FAM114A1
KIAA1107,HLA-DMA
DEFB131A,CAPN12
PWAR5,PACS1
KIAA1614,EMG1
KCNK12,COX6A2
TAB3,KLF10
IFIT5,MT1JP
TRIM35,EBP
DMKN,EMP1
GREB1,FGD3
SPOCD1,GMFB
TRMT61B,RTL8C
FMR1,ALPL
NEFL,FLJ30901
PIP5K1B,PCLO
AQP11,EZR
ACVR1C,FOXO1
HAR1A,PHF20L1
SLC38A2,METTL6
TIRAP,GCNT1
ARHGEF11,PSMD8
NTHL1,PCDH19
ZNF383,ZNF764
TDRD1,UFC1
FDX1,RPL31
ANKRD20A8P,FAM120AOS
TRIM58,PYCR1
MYMX,HTR7P1
NGEF,GRIN2B
CKAP2,CASTOR1
STAG3L4,PHF14
NUP93,SLC2A10
STXBP5L,ATAT1
PEPD,CLPP
STXBP1,C1QA
P2RX6,AMIGO2
SLC19A2,KCNQ1
ITGB3BP,LOC101060091
MBNL2,RAN
INTS4P1,NPY
BCL2L2,PPP2R5A
SPNS2,CTSH
SLC25A40,LRRN2
RNF26,SBF2
ARC,C11orf97
LTN1,ZNF577
HUNK,CELF6
USB1,AQP4
MKLN1,TLR2
ADD1,CD63
ATP1B1,WDR77
GABRD,CNIH2
INIP,PDCD4
PPIEL,ASCC3
PINX1,MLF1
UBE2W,SLC29A3
PGP,FAR2P1
DENND2D,EID2B
ZDHHC21,WNT7B
GABRG2,FCGRT
ACHE,FAM47E
PASK,MGST1
DACT2,CAMKV
XKR6,KLHDC8A
KAZN,TSPYL2
HARS,PABPC1
NMRK1,LOC102723665
SRPRA,MVD
LIAS,SHISA4
CAMKK1,NOS1AP
ALDH1B1,STOM
SULT4A1,CCNH
PSMD6,JAML
EYA4,RFX3
ZNF487,REC8
ALDH1A1,GMIP
LMTK2,MINK1
SCN8A,RPL27A
MICAL2,ZDHHC14
RWDD2B,PUM1
PLCB4,SMIM4
LOC643406,DPH6
ST3GAL6-AS1,SLF1
ZW10,GALNT14
STX1B,LOC729732
MTUS2,CALCRL
TICAM1,TFPT
TRIM26,BABAM2
NEXN,CIDEB
LRRC4,HRASLS
FGF7P6,B4GAT1
NUDT5,LOR
TLE2,CCDC158
SFXN1,IFT74
RAPGEF5,DNAJB1
CLGN,RPL41
KALRN,C1QB
LAG3,SNAP29
ZNF189,STK17B
PRICKLE1,LAIR1
NFKB1,ZNF436
JMY,FAM57A
CAMK1D,VCP
ZNF557,APOC1
SEC62,LINC00665
PRAG1,DMD
PRRT3,FAM129A
CHML,HMGCS1
PJVK,CD74
RANBP2,SPIN1
ATP6V1E2,KCNJ5
COL9A3,GXYLT2
CNIH1,B4GALT3
CEND1,SPATA1
TMEM250,LOC644189
LOC652276,FYB1
MIR4697HG,B4GALT2
PLEKHA6,FKRP
PDCL3P4,CHCHD5
SORBS1,LOC101060391
NSRP1,ZNF678
MRPL22,MYADM
PURA,NECTIN2
MAT2B,LCP1
LINC00680,HDGFL3
GNPDA2,CRB1
SLC38A1,SLC25A28
SLC47A1,CPSF6
SIKE1,LRRN1
USP8,GSTM2
ZSCAN29,HIBCH
PSME4,DTX1
TNF,CDKL5
ARHGEF18,DENND2A
FBXO28,CAV2
ZNF106,METTL9
ZNF284,COMT
ATG16L1,AKAP5
ZNF576,COP1
E2F1,TMSB10
KCNS3,FAM212A
COG2,UBE2L6
LPGAT1,MARK1
ATP2B1,DZIP3
NOB1,HSD17B14
NKX1-2,PRDX1
EEF2K,FHOD3
ZNF223,SFTA1P
NCOA3,PRPF40A
CORO6,LINC00674
PIK3CA,WDFY4
KLC2,PSMB7
KCNT1,SELENOW
PTPRE,C10orf82
ISLR,SPSB2
BBS7,ASL
MTPAP,GLI3
MAP7D2,UAP1
ZFP14,MAPK8IP1P2
RERGL,AIM2
IGIP,DBN1
BRSK1,SULF2
CPSF1,PRMT2
NARS,CD151
ABHD12,PIRT
SLC25A32,RPL27
ZC3H7B,TBX19
PIM1,SCIN
PKD1,SIL1
TRIP11,USP37
ANXA3,AHCY
TRMT2B,SLC1A6
ARHGAP44,RPS6
NCEH1,CCS
ZNF567,PAXIP1-AS1
SOAT1,TAMM41
HERC6,C1QL3
FAM81A,C16orf58
SCAMP5,LINC01750
DENND4B,PSMG3-AS1
MAX,CELF4
GPLD1,HRAS
CERK,JMJD7
STX16,SEM1
TSC22D3,TDRD9
FOXRED1,NT5DC3
PDE4A,CYBB
FUNDC2,CRNDE
ADGRL2,H3F3C
AKAIN1,SLC17A8
FBLIM1,RTL8A
VWC2,CCDC8
CLN6,DYDC2
VILL,CELF5
TMEM169,FAM89A
MTFP1,PPIB
TRAK2,VPS37C
GMPR2,LPAR6
TSPYL4,FAM45BP
KIAA1841,KLK10
APBA2,LOC729683
RPS6KC1,SYTL5
MPC1,APBB1IP
NR1H2,TPPP3
TMEM237,UBA52
PPFIBP1,NDUFC2
FAM133DP,SNRNP27
CDADC1,ADCY2
PCP4L1,HLA-DMB
MCF2L,CDC42BPB
TRMU,NADK2
ARL2BP,RBM4
ZFHX2,CNTNAP3
SLC12A5,CDC42P3
CCDC47,PTS
PC,APH1B
TMTC4,DPYSL5
MYO19,ADGRA3
ROCK2,ZFAS1
DENND1B,EMC7
NF2,ZMYND15
CS,FAM102B
COL7A1,GRPR
LINC01102,TNFSF12
FOCAD,AIF1
LINC00266-1,CXCL2
ASAP2,SFTPD
STS,MYRIP
CDKN2C,ZFYVE1
TTC39B,WTIP
DCPS,DPP10
UBE2D4,STON2
RICTOR,MAP1LC3A
GZF1,ST6GALNAC6
RNF220,ATP6V1C1
DNM3,BMP2K
CNEP1R1,NRAP
HCN2,LINC01315
IQUB,SGCD
ZBTB11,LIMS2
GALNT13,TSKU
SPTSSB,DENND2C
TBC1D19,PRPSAP2
NNMT,SLC7A11
ZFP91,FAM53C
DYNLL2,DGAT2
POGLUT1,ORC6
FBXO32,FIGNL2
SMIM37,NHLRC1
CBX7,FOXRED2
LRRC59,MAD2L2
AK2,RPL29P2
TMEM38A,GABRA3
SCN2B,RPS2P32
LINC00652,PHACTR3
TMEM223,TGFBI
MGARP,PREB
APOL1,CREM
RNF208,ZBTB44
LYST,CLNS1A
SLC39A14,PRDX4
HAGHL,STX1A
PABPC1L2A,GADD45GIP1
METTL21A,SMIM10L2A
LRCH1,ACSL4
FAM126B,ZNF350
CLEC2L,XYLT1
SLC5A6,PLEKHO2
HSD11B1,COL23A1
CCNB1,ILDR2
MTIF2,CTXN1
FES,S100A16
KAZALD1,TMEM181
FGD5,TPM3P9
LOC100505938,DOC2B
DDHD1,ARHGEF28
FBLN7,ATXN10
TBR1,ANKRD36BP2
DCAF8L2,SLC25A21-AS1
LRRC20,FAT1
KYAT1,EFEMP2
SGIP1,CLDND2
AIFM3,DDA1
SH3BGRL2,UHRF2
PLCD4,RAB32
ZFYVE9,AXIN2
SMYD2,C16orf70
SIRT4,MFAP4
ANKRD42,BTC
MAGI2-AS3,TMEM61
PDP1,PCDH17
ZNF493,MCMBP
FRMD5,PPIL6
TPBG,SH3GLB1
PRSS56,PPEF1
MRPS30,MLC1
GAPVD1,NHSL1
CCNT1,CHTF18
DDHD2,SUB1
FLJ42627,HMGB1
CHCHD10,PSD3
EVI5,KCNJ16
RFPL3,VKORC1L1
SHROOM2,CCT5
WDR37,TFEC
TRPM2,PTDSS1
SLC8A1,LFNG
DYNC1LI1,GRM1
GPR161,COG6
SYN3,CDK20
SUMF2,L3MBTL4
PTX3,SH3RF1
GPR108,SH3GL3
MRPL27,APRT
DND1,VWCE
NSUN4,SLC26A4
PCGF1,NCOA6
TMEM86B,RAPGEF4
RSRC1,VLDLR
URM1,SH3PXD2B
MAST4,ST6GAL2
MARF1,SEMA6B
RTN2,MS4A7
MED11,RASGEF1A
NR3C2,SH3BGR
MREG,PEX10
CHIC1,GRM5
FAM216A,MTHFD1
STARD5,PTTG1IP
SLC38A11,EFEMP1
GLCCI1,DDX10
DCLK1,PDE4C
PIP5K1C,MFSD12
SACM1L,P2RY6
TWNK,C8orf44
MRPL15,OXCT1
ATP1A1,LCAT
CDKN1B,TMEM53
SDHA,NR2F2
OCEL1,FTL
PRIM1,CDO1
TTBK2,ENO1
SAT2,NPHP1
AARS,ZWINT
UBE2QL1,PLPP3
SPECC1,ELP2
ZNF143,ANKRD30BP2
GK,ULK2
HEXB,AP3B2
SUPT16H,MKL2
MAP3K6,CYP46A1
EFNA5,PTRHD1
MINDY3,ANGPT1
ANKH,GUCY1A1
TBC1D16,FAM181B
SMPX,GINM1
TCF7L2,NEXMIF
NFATC2IP,OSBPL11
PLCXD1,CEP89
GOT2,PACRGL
REEP2,PHYHD1
TFB2M,GPC5
AGPAT3,MAML2
SYCP2,INTS3
PSMD12,DRG2
LINC01637,DDAH1
SNTG1,PPDPF
FAM217B,TMEM91
TBCE,CC2D2B
GUCA2B,TBPL1
KIAA1656,PHF10
DEPTOR,CDC34
ARMC8,KCNMB4
TMEM161B-AS1,KDM4B
AP1S2,EMP3
OSBPL1A,PBXIP1
VWA8,STIM1
DUS1L,WDR17
RMI1,ROCK1P1
POU6F1,EXOSC10
ATG4D,FAM207A
WDYHV1,PLPPR1
CPEB3,MMAB
L2HGDH,TRIM68
PLCB1,CPVL
CABLES2,SIRPA
FLT3,ISYNA1
TESPA1,PAPLN
LPCAT4,CELF3
SLC35A4,POTEF
PREP,ZNF667
MFGE8,LASP1
BOLA3,KCTD15
EPHX4,TAGLN3
BMS1,SPHKAP
SPHK1,LOC100132356
RRM2B,LMCD1
MID2,DKFZP586I1420
NUDT22,RASL12
IQSEC1,CIP2A
DNAJC22,CTDSP1
GCHFR,OSBPL8
ANKRD9,CLIC5
UBFD1,TRPS1
RCCD1,ITGB8
GRIN2A,ALDH9A1
DCUN1D2,FAM220A
COL27A1,MYDGF
MOGAT2,RGS14
ST8SIA5,PPM1F
MATK,NUDT18
KLF9,NTSR2
RPS6KA3,DDRGK1
RBFOX3,PRR5
BHLHE40,SOWAHD
RUNDC3B,SHISA5
COASY,STAB1
KCNS2,HMGN1
RBBP4,RPS10
TMEM178A,PNRC2
RND2,MAN1B1-AS1
NREP,PRIM2
DNAJC16,MIF
IER5L,MORN3
ZDHHC3,ZNF883
TRIM44,TOM1L1
CLEC4M,ZNF229
LOC101928087,RASL11B
KCNAB3,LOC339803
FAM78B,LGR4
PPP1R3E,MT1M
NR3C1,TYROBP
LINC00889,FUT4
CCNB1IP1,COG5
CDR2L,P2RY13
DHX35,BFSP1
LOC100507642,FAM174B
KATNAL1,NOV
MRPL12,TMEM176B
IGLON5,TAF1A
FAM71E1,DNAL1
CAMTA1,SMAD9
TDP2,RAB8B
ANKRD29,CYP4Z1
EXTL2,ETNPPL
PRSS16,FOXN3-AS1
SLC4A8,PNPLA4
TMEM14C,SSBP1
SLC35F3,RPL35
ZBTB16,MCCC2
GLRX,TMEM106C
INPP5A,YIF1A
CHGA,ADH5
C6orf106,WIZ
HTR1F,ME3
LMLN,ANKRD12
TTC39A,FDFT1
PIF1,IDNK
SLC9A1,HES4
ETS2,RGS8
EFR3A,MAFG
NOM1,ARL8A
USP45,MTMR3
MADCAM1,ZDHHC22
ZBTB1,DHRS9
REPIN1,LGALS9C
FASTKD1,LOC100049716
THEM6,RBM8A
SOHLH1,NDUFA11
ELOVL4,PNP
FAM167B,ARHGAP5-AS1
PPP1R3F,SYTL4
STPG1,MID1
ABLIM2,GIMAP2
ENTPD4,PPAT
SMIM3,KCNMB1
TIGD3,FZD2
JDP2,CD99
ZFYVE19,ENKUR
SH3BP1,CALU
SAE1,44993
MRPS30-DT,OCA2
SLC16A7,SLC26A4-AS1
LINC00515,OLFML2B
SLC7A8,GALNT16
SDHAF2,PA2G4
PRUNE2,HPGD
LOC220729,S100PBP
C1RL,DCAF7
ACTR1B,CD33
SMCO4,ACTG1P4
VGF,BCKDK
SPAG4,TTC8
IDH3G,LRFN2
EPB41,SLC40A1
PARP3,PPP1R26
MAGI3,DNAH9
CAST,FADS2
LRRC38,WASHC3
EMBP1,KCNK2
ALX3,MTA3
FSTL4,TMSB4Y
KCNH1,LY86
AMER1,RAPH1
ANKRD2,SWSAP1
UPP1,SUGT1P3
CDH7,YJEFN3
BID,CERS1
ATP1B3,ENOX1
POPDC3,RBM24
CCDC115,TUNAR
TMX4,FAM213B
SLC25A12,ARPP19
FAM135B,DCAF11
SPECC1L,RPL36A
SIPA1L3,TMEM258
RNF168,HCFC1R1
NAP1L2,SLC37A1
CORO2A,GRIK5
GLS2,SYN2
ANKRD20A4-ANKRD20A20P,GPT2
IPCEF1,KRT83
ABTB1,DHCR7
AGO1,SLIRP
44991,ZIC5
HCN1,SNAI2
GNL1,CALML3
FRAT2,SCAMP1-AS1
TMCC2,ROMO1
ZMYND8,LPP
TEX29,TTLL1
LINC01260,MRPL20
FER1L4,PAX6
HEXIM1,AMZ1
CLEC16A,SLC39A4
44987,PRNP
FANCI,PLIN5
THEMIS,CHRNA6
PCSK1,LST1
DPP8,DNAJA4
ZDHHC2,P2RY12
TAF4B,C4orf47
EIF5,FAM49A
SLC25A37,ASTN1
GLRX2,YWHAH
TBC1D4,CACNA1H
MSTO2P,CHRNB1
CISD2,SMOC1
KBTBD12,DEGS1
KCMF1,MAGIX
NOVA1,CARD16
CDK14,HAVCR2
CAMK2G,AGPAT1
CACNG8,PXN-AS1
ACTN4,C1GALT1
LIMK1,RGS10
TMEM229B,PTGR2
IL1RAP,ARL15
HECA,BLNK
OIP5-AS1,FGF2
ACYP2,AFAP1
BICDL2,ARRB1
ABCG4,DLG2
NAP1L1,RNASET2
PLEKHM2,AGAP2
RET,FZR1
UGP2,MT1A
FAM206A,SERF2
SLC39A13,MSRB2
EML2,PM20D2
RRS1,RAMP1
MIR29B2CHG,YAP1
FIZ1,TBXA2R
BCAT1,BBC3
TNIP1,AKIRIN2
HNRNPUL2,VSIG8
ACAN,CHPT1
PPM1H,VASN
MAP1LC3B,LGALS3
MYC,UBE2Z
LIN28B,DSEL
OSBPL6,CPNE5
MTDH,PHGDH
TCOF1,NUBPL
SORCS1,SVOP
SPHK2,MEIG1
CDS1,PP7080
LURAP1L,CDKN2D
ADRA1D,FAM204A
ESRRG,NT5C3A
STEAP2,TMEM132A
FGF7,PTPRC
SNAP25,DYRK2
LOC100507507,GNG12
FRAT1,GSTP1
LTB,HSD11B1L
LINC01296,DACT3
SBNO1,GALNT17
GPCPD1,LINC01881
WFDC2,HMGB3
C2orf27A,RNF11
FGF7P3,GUK1
BRAF,CD6
ADAM22,ZNF462
CACNA2D2,MRPL28
ADO,ATP5ME
ANKS6,CMKLR1
RELT,GGCX
CIDEA,LINC01547
NT5M,MX2
OGDHL,BLM
MYADML2,NHP2
HSPA4L,POLB
TOR1AIP2,MPHOSPH6
KITLG,C2orf69
IGFBP6,TTC38
NDRG3,METTL26
MTCL1,KLRC3
KCNC4,SAR1A
ITPR1,TMEM108
C17orf75,DOK5
ARMT1,RGS18
FNDC4,FCGBP
TIFA,P2RX5
HES6,KLF6
ARL5B,KCNG3
PDP2,MYH15
MICU3,LIFR-AS1
SLCO4A1,SULF1
SNX21,ZDHHC24
RPS6KB1,ZNF45
KBTBD3,MCFD2
SUSD5,CHCHD6
FMN1,CCBE1
LYRM7,ZNF710-AS1
CCNI,EPB41L4B
AR,PUF60
GAS2,PSMA6
PCDH12,WDR13
C12orf49,DDR1
NRG1,ATP8A2
FGF9,NACC1
INA,CCNY
FLJ23867,GPR34
SEC14L5,SOGA1
RAB3GAP2,SPRED1
CAMKK2,FBXO44
EPHB6,TCEAL9
GFRA2,CYTOR
LRRC37A4P,LOC101927752
B4GALT6,ANG
TOX2,CD68
ATP2B2,MYB
EIF5A2,WDFY2
IMPAD1,CRIP2
THAP10,KIRREL2
HSPB6,ZFP69
RAB37,RAPSN
OSTF1,DBI
EPB41L3,SYTL2
GPR158,ASIC2
STAU2,GRK6
MCF2,PTPRZ1
ONECUT2,ALB
TCHH,SFRP2
IPW,ARMCX1
FAM222B,IFT27
PGBD4,ZNF677
ACSL6,PIGF
ADAMTS5,BCAN
PIP4P2,PPP1R9B
ESRRA,CCR1
SKIDA1,MOSPD2
GNAS,NUDT4
DPH3,SOCS7
MPP1,LCMT1
CFL2,RPS8
ANK1,CETN3
TMEM81,CYP4V2
CADPS2,RARS
TUBA8,RASAL3
ZYX,FNDC9
TFAM,LOC105374952
DIRAS1,RBBP7
SRSF8,PTER
ATP1A4,NUDT10
FAM131B,HILS1
ST8SIA1,SEC22B
ARHGAP26,SPIN4
IDS,CREB3
ASB13,GRIN2C
ZBTB7A,SLC17A7
SORL1,CFAP44
MYH7B,ZNF512B
TAF13,FAM24B
DNAJC4,SCG3
WDR4,ZFR2
HPS1,TMEM63C
SRXN1,NRG3
SDSL,RPL26
STRN,TTPA
UBQLN4,TLR3
LGI3,GBA
KCNB1,ITGB4
KIF9,C11orf95
DOK3,CSPG5
ATP2B3,PLK2
MTMR2,SPATA13
CKMT1B,LOC645166
PTPRD-AS1,PBLD
STRBP,DGKH
GLIPR1,SLC4A4
MAP9,NYAP2
FASTKD5,PLXNA3
OXNAD1,TMC8
SLC25A5,DENND1A
SERPINB9,ZNF827
DEXI,PSMF1
TIGAR,TIMM17B
TESC,TPST1
LYNX1,MEGF11
TMEM132C,CHAF1B
NIPAL2,MAOA
PHYH,RUBCNL
MAD1L1,CCDC189
TP53TG3D,TMEM59L
CTIF,BATF3
NUDT8,ATP8A1
MIR600HG,HSD3B7
GSTT1,VBP1
ERRFI1,MAPRE2
PPARGC1A,WFIKKN2
SAP30L,TNFRSF11A
LOC729737,CRIM1
ATRNL1,MAPK3
RILP,RAC2
SCRT1,HSD17B10
SERTAD4,PET100
RELL2,MZT1
FBXO33,RNF216P1
SLC20A2,NPTX1
SERTAD4-AS1,DAP
GDPD1,HMGCL
CHAF1A,FAM27E3
MYBPHL,RPL31P11
TCTEX1D1,NIPSNAP3A
SLC24A2,SEL1L3
LYPD5,HEXA
PCDHB16,C1QTNF3
STAR,ERICH3
SYT2,GPC6
HAPLN4,MILR1
CAB39,ARAP1
HR,44986
ADAM23,FGL2
LOC100286906,CTR9
ADCY9,KLHL2
SCN1A,DIS3L
CA13,TRIM45
LUZP1,GSG1L
LRRC75A,AKR7L
ECM1,SLC44A3
KCNJ14,FABP3
TRIM37,FZD9
KCNC3,ADAMTS19
IDI2-AS1,CYP4X1
RASGRP2,VIPAS39
RAB11FIP5,BEX1
CD99L2,CCZ1P-OR7E38P
RALB,NDP
GPAT3,CMTM7
RTKN2,THBD
KLF12,KCTD21
MAGEL2,STAG3
COX7A1,CENPM
PIM3,HLA-G
CPLX1,AIG1
STAC2,ARPC3
EML6,MTCH1
CCDC25,LOC100130331
LAPTM4B,PSMD9
SEMA7A,CENPP
NOS2,HNMT
BEND6,PANK3
PVALB,ZNF239
NEFM,MBNL3
DNAJC21,PLEKHG4B
ARHGAP9,RIBC1
RHBDL3,FBXO2
ALDH1A3,JADE2
SCN4B,FAM86B3P
KCNH6,NLGN1
RIMKLA,COL9A1
USP31,VAT1
SYT12,SLC22A4
C3orf18,CARHSP1
SLC16A6,FAM160A2
PRKCB,ABI1
RAD54B,ADORA2B
ESYT1,BDKRB2
KCTD9,CLPS
GCLM,TBC1D13
CABP1,SCCPDH
ELMO3,KCTD10
ANXA6,KDM5B
ARHGEF17,TLN2
RRP12,MCUR1
EIF4E2,TMEM100
VAMP1,IL13RA1
KCNQ5,FGFBP3
EPN3,MIIP
NFIC,TNFAIP8L3
EIF4E1B,CPEB2
APOL2,PTOV1
ZNF365,FADS3
KCNA1,RTN4RL2
MYOZ3,ALG8
RHOBTB2,CEP68
MAPK10,IKBIP
MROH5,NMNAT3
PLXDC1,GMFG
XKR9,NFIB
PNKD,ASH2L
PPTC7,MEST
NAT8L,RALA
COL6A1,SLCO1C1
LRPAP1,SSTR2
SYNDIG1,KNTC1
CCDC39,C19orf57
PELI3,SCN2A
KCNA3,SNAPC5
NEFH,GALNT18
RNF157,HLA-DRA
TPTE2P6,ITGAM
SCN1B,PJA1
RFPL2,TMIGD3
KCNC1,ELAC1
MKX,LIX1
SHD,USF3
FAM78A,HBQ1
CELF2,KIAA1211
KCNA2,PRR29
KCNS1,SPACA9
SV2C,SPRN
ANO5,DENR
,C17orf67
,SMIM10L2B
,SLC12A4
,RNF43
,EVI2B
,NSMF
,IMPACT
,FGGY
,HHEX
,LHFPL3
,TM7SF2
,SARDH
,PPCS
,CSPG4
,C2orf81
,PSMA2
,GRM3
,SLC15A2
,CACUL1
,SUMO3
,TMEM65
,BCAR1
,RPS15
,CDH8
,ALOX5
,ARF3
,IRF2BPL
,NUTF2
,PRDM12
,APBA1
,SQLE
,MAST3
,AJAP1
,B3GNT2
,RLIM
,RPP30
,HOPX
,NUDT14
,GSKIP
,TPM1
,WIPI2
,ALOX5AP
,ENPP1
,MYOM1
,TRAPPC2
,AKR7A2
,VIM
,IDH2
,CLEC18B
,PARP14
,LYN
,EXOC5
,LOC101928111
,PPFIA2
,RAB35
,PERM1
,RIC8A
,PRKCG
,ARID1A
,C14orf132
,JARID2-AS1
,FAM86C1
,LPCAT3
,NPC2
,PDS5A
,ARMCX2
,TMEM216
,MEX3A
,DMGDH
,CRYZL1
,DGCR6
,USP32P1
,IGFN1
,DKK3
,NFATC1
,PCDHGC3
,CDC42EP4
,CYP2J2
,PABPC5
,LOC105379807
,TNNT1
,SNRPD2
,DNPH1
,TMSB4X
,TMEM87B
,RNF5P1
,RGS20
,YWHAB
,FGFR3
,CAT
,HRH1
,SH3BGRL3
,ELMO2
,DOLK
,PNPLA3
,LDHD
,VAMP8
,HLA-C
,STK31
,RSU1
,RUBCN
,PARP1
,FBLN5
,PRORSD1P
,NPY5R
,CRADD
,NR4A2
,TANGO6
,PRPH
,PAPSS1
,MIR99AHG
,S1PR1
,MMP14
,SLC27A6
,FGD4
,VAT1L
,PTPRG
,CACHD1
,LINC01140
,RARA-AS1
,SIRT3
,TMEM179B
,FUOM
,SNTB1
,LINC01736
,ENOSF1
,GSTM1
,NR0B1
,ACOX2
,PRDX6
,AK5
,GALM
,FBXL2
,SOX3
,PAWR
,TMEM173